{"Python": {"direction": "decreasing", "slope": -0.19411090377949647, "mean_demand": 8.320701355168788, "max_demand": 9.984841626202545, "min_demand": 6.656561084135031, "volatility": 0.1801238484087918}, "SQL": {"direction": "increasing", "slope": 0.34527354433884905, "mean_demand": 12.936061680381652, "max_demand": 15.523274016457982, "min_demand": 10.348849344305322, "volatility": 0.26914027494284454}, "Machine Learning": {"direction": "increasing", "slope": 0.13603250738387251, "mean_demand": 12.911111290694722, "max_demand": 15.493333548833665, "min_demand": 10.328889032555779, "volatility": 0.16798470818931208}, "Excel": {"direction": "decreasing", "slope": -0.33972206606801114, "mean_demand": 6.617853343044647, "max_demand": 7.941424011653576, "min_demand": 5.294282674435718, "volatility": 0.14247856396929207}}