{
  "slope": 1.0779517214859574e-09,
  "intercept": -1.6092486427694745
}