{
  "slope": -4.0180648619338025e-09,
  "intercept": 7.261665467104541
}