{
  "slope": -7.99690995947713e-09,
  "intercept": 14.205257088753935
}