{
  "slope": -2.0290685407069396e-09,
  "intercept": 3.83528861158666
}