{
  "slope": -5.520436266022423e-09,
  "intercept": 9.784363277426898
}