{
  "slope": -9.014662845443946e-09,
  "intercept": 15.884273378373923
}