{
  "slope": 6.450167115304337e-25,
  "intercept": 0.9999999999999986
}