{
  "slope": -4.214163683892441e-09,
  "intercept": 7.602034694391133
}