{
  "slope": -1.2556207570019312e-08,
  "intercept": 22.05634162317388
}