{
  "slope": 2.376664248523331e-09,
  "intercept": -3.776270542515106
}