{
  "slope": 3.058157311140494e-09,
  "intercept": -4.984451865225191
}