{
  "slope": 7.830148411370774e-09,
  "intercept": -13.371220841378129
}