{
  "slope": -1.2438548276843939e-08,
  "intercept": 21.85212008680159
}