{
  "slope": 2.063314423249961e-09,
  "intercept": -3.3947449594605756
}