{
  "slope": 4.588712433847219e-10,
  "intercept": -0.5214639918532444
}