{
  "slope": 3.710541373595501e-09,
  "intercept": -6.229595292241425
}