{
  "slope": 2.895489369058543e-09,
  "intercept": -4.764534212819577
}