{
  "slope": -1.0175567871439233e-08,
  "intercept": 17.949259203910806
}