{
  "slope": -1.2186466768759516e-08,
  "intercept": 21.398004853721392
}