{
  "slope": -5.711015314374021e-09,
  "intercept": 10.12907135514349
}