{
  "slope": -7.879250666302192e-09,
  "intercept": 14.001035552382406
}