{
  "slope": -8.589128401777322e-10,
  "intercept": 1.8158172155133587
}