{
  "slope": -1.3823350488712824e-08,
  "intercept": 24.212054819691893
}