{
  "slope": -4.015329728232755e-09,
  "intercept": 7.28375678832685
}